﻿pos_x,pos_y,rotation,side,designator,mpn,pack,value,mount_type,place
-56.5,-25.18238,90.0,top,C1,860020473008,CP_Radial_D6.3mm_H12.5_P2.50mm,100u,tht,True
-42.0,32.68238,-90.0,top,C10,860020473008,CP_Radial_D6.3mm_H12.5_P2.50mm,100u,tht,True
-34.5,37.31762,90.0,top,C11,860020473008,CP_Radial_D6.3mm_H12.5_P2.50mm,100u,tht,True
-34.5,32.682381,-90.0,top,C12,860020473008,CP_Radial_D6.3mm_H12.5_P2.50mm,100u,tht,True
11.5,46.0,180.0,top,C13,R82DC3100AA50J,C_Rect_L7.2mm_W2.5mm_H6.6mm_P5.00mm_MODIFIED,100n,tht,True
-5.0,64.0,0.0,top,C14,R82EC2100AA50J,C_Rect_L7.2mm_W2.5mm_H6.6mm_P5.00mm_MODIFIED,10n,tht,True
-39.0,55.0,90.0,top,C15,R82DC3100AA50J,C_Rect_L7.2mm_W2.5mm_H6.6mm_P5.00mm_MODIFIED,100n,tht,True
-23.0,60.0,-90.0,top,C16,R82DC3100AA50J,C_Rect_L7.2mm_W2.5mm_H6.6mm_P5.00mm_MODIFIED,100n,tht,True
24.5,51.0,180.0,top,C17,R82EC2100AA50J,C_Rect_L7.2mm_W2.5mm_H6.6mm_P5.00mm_MODIFIED,10n,tht,True
19.5,46.0,0.0,top,C18,R82DC3100AA50J,C_Rect_L7.2mm_W2.5mm_H6.6mm_P5.00mm_MODIFIED,100n,tht,True
38.0,-33.0,0.0,top,C19,R82DC3100AA50J,C_Rect_L7.2mm_W2.5mm_H6.6mm_P5.00mm_MODIFIED,100n,tht,True
-68.682379,-10.0,0.0,top,C2,860020473008,CP_Radial_D6.3mm_H12.5_P2.50mm,100u,tht,True
1.5,32.5,90.0,top,C20,R82DC3100AA50J,C_Rect_L7.2mm_W2.5mm_H6.6mm_P5.00mm_MODIFIED,100n,tht,True
6.5,69.0,0.0,top,C21,R82DC3100AA50J,C_Rect_L7.2mm_W2.5mm_H6.6mm_P5.00mm_MODIFIED,100n,tht,True
-22.5,32.5,90.0,top,C22,R82DC3100AA50J,C_Rect_L7.2mm_W2.5mm_H6.6mm_P5.00mm_MODIFIED,100n,tht,True
-58.0,68.5,90.0,top,C23,R82DC3100AA50J,C_Rect_L7.2mm_W2.5mm_H6.6mm_P5.00mm_MODIFIED,100n,tht,True
-55.0,68.5,90.0,top,C24,R82DC3100AA50J,C_Rect_L7.2mm_W2.5mm_H6.6mm_P5.00mm_MODIFIED,100n,tht,True
-61.0,68.5,90.0,top,C25,R82DC3100AA50J,C_Rect_L7.2mm_W2.5mm_H6.6mm_P5.00mm_MODIFIED,100n,tht,True
-52.0,68.5,90.0,top,C26,R82DC3100AA50J,C_Rect_L7.2mm_W2.5mm_H6.6mm_P5.00mm_MODIFIED,100n,tht,True
-56.5,-15.317621,-90.0,top,C3,860020473008,CP_Radial_D6.3mm_H12.5_P2.50mm,100u,tht,True
-58.81762,-10.0,180.0,top,C4,860020473008,CP_Radial_D6.3mm_H12.5_P2.50mm,100u,tht,True
58.782621,-10.0,0.0,top,C5,860020473008,CP_Radial_D6.3mm_H12.5_P2.50mm,100u,tht,True
56.5,-25.182379,90.0,top,C6,860020473008,CP_Radial_D6.3mm_H12.5_P2.50mm,100u,tht,True
68.64738,-10.0,180.0,top,C7,860020473008,CP_Radial_D6.3mm_H12.5_P2.50mm,100u,tht,True
56.5,-15.31762,-90.0,top,C8,860020473008,CP_Radial_D6.3mm_H12.5_P2.50mm,100u,tht,True
-42.0,37.317621,90.0,top,C9,860020473008,CP_Radial_D6.3mm_H12.5_P2.50mm,100u,tht,True
0.0,12.6,90.0,top,D1,QBL8RGB60D0-2897,LED_D5.0mm-4_RGB,QBL8RGB60D0-2897,tht,True
-21.0,12.6,90.0,top,D2,QBL8RGB60D0-2897,LED_D5.0mm-4_RGB,QBL8RGB60D0-2897,tht,True
21.0,12.6,90.0,top,D3,QBL8RGB60D0-2897,LED_D5.0mm-4_RGB,QBL8RGB60D0-2897,tht,True
-42.0,12.6,90.0,top,D4,QBL8RGB60D0-2897,LED_D5.0mm-4_RGB,QBL8RGB60D0-2897,tht,True
-68.5,35.275,-90.0,top,D5,151031SS06000,LED_D3.0mm_Clear,RED,tht,True
-63.5,35.275,-90.0,top,D6,151031YS05900,LED_D3.0mm_Clear,YELLOW,tht,True
-58.5,35.275,-90.0,top,D7,151031VS04000,LED_D3.0mm_Clear,GREEN,tht,True
-53.5,35.275,-90.0,top,D8,151031VS04000,LED_D3.0mm_Clear,GREEN,tht,True
42.0,12.6,90.0,top,D9,QBL8RGB60D0-2897,LED_D5.0mm-4_RGB,QBL8RGB60D0-2897,tht,True
-67.5,72.0,0.0,top,H1,,MountingHole_3.2mm_M3_Pad,M3,tht,False
-67.5,-31.0,0.0,top,H2,,MountingHole_3.2mm_M3_Pad,M3,tht,False
67.5,-31.0,0.0,top,H3,,MountingHole_3.2mm_M3_Pad,M3,tht,False
67.5,72.0,0.0,top,H4,,MountingHole_3.2mm_M3_Pad,M3,tht,False
-31.5,6.5,0.0,top,H5,,MountingHole_3.2mm_M3_Pad,M3,tht,False
-10.5,6.5,0.0,top,H6,,MountingHole_3.2mm_M3_Pad,M3,tht,False
10.5,6.5,0.0,top,H7,,MountingHole_3.2mm_M3_Pad,M3,tht,False
31.5,6.5,0.0,top,H8,,MountingHole_3.2mm_M3_Pad,M3,tht,False
-65.0,-20.0,0.0,top,J1,SJ1-3525N,PJ-307,SJ1-3525N,tht,True
-60.875,19.5,180.0,top,J2,NMJ6HFD2,Jack_6.35mm_Neutrik_NMJ6HFD2_Horizontal,NMJ6HFD2,tht,True
-42.0,-24.5,-90.0,top,J3,NMJ6HFD2,Jack_6.35mm_Neutrik_NMJ6HFD2_Horizontal,NMJ6HFD2,tht,True
-21.0,-24.5,-90.0,top,J4,NMJ6HFD2,Jack_6.35mm_Neutrik_NMJ6HFD2_Horizontal,NMJ6HFD2,tht,True
0.0,-24.5,-90.0,top,J5,NMJ6HFD2,Jack_6.35mm_Neutrik_NMJ6HFD2_Horizontal,NMJ6HFD2,tht,True
21.0,-24.5,-90.0,top,J6,NMJ6HFD2,Jack_6.35mm_Neutrik_NMJ6HFD2_Horizontal,NMJ6HFD2,tht,True
65.0,-20.0,180.0,top,J7,SJ1-3525N,PJ-307,SJ1-3525N,tht,True
50.0,49.5,-90.0,top,JP1,,SolderJumper-3_P2.0mm_Open_TrianglePad1.0x1.5mm,SolderJumper_3_Bridged12,tht,True
53.0,49.5,-90.0,top,JP2,,SolderJumper-3_P2.0mm_Open_TrianglePad1.0x1.5mm,SolderJumper_3_Bridged12,tht,True
-51.0,2.08,-90.0,top,R1,MFR-25FRF52-100K,R_Axial_DIN0207_L6.3mm_D2.5mm_P10.16mm_Horizontal,100k,tht,True
48.0,-33.08,90.0,top,R10,MFR-25FRF52-6K2,R_Axial_DIN0207_L6.3mm_D2.5mm_P10.16mm_Horizontal,6k2,tht,True
51.0,-20.58,90.0,top,R11,MFR-25FRF52-6K2,R_Axial_DIN0207_L6.3mm_D2.5mm_P10.16mm_Horizontal,6k2,tht,True
51.0,-22.92,-90.0,top,R12,MFR-25FRF52-6K2,R_Axial_DIN0207_L6.3mm_D2.5mm_P10.16mm_Horizontal,6k2,tht,True
54.0,2.08,-90.0,top,R13,MFR-25FRF52-22K,R_Axial_DIN0207_L6.3mm_D2.5mm_P10.16mm_Horizontal,22k,tht,True
51.0,2.08,-90.0,top,R14,MFR-25FRF52-22K,R_Axial_DIN0207_L6.3mm_D2.5mm_P10.16mm_Horizontal,22k,tht,True
-29.0,29.92,90.0,top,R15,MFR-25FRF52-100K,R_Axial_DIN0207_L6.3mm_D2.5mm_P10.16mm_Horizontal,100k,tht,True
-26.0,29.92,90.0,top,R16,MFR-25FRF52-100K,R_Axial_DIN0207_L6.3mm_D2.5mm_P10.16mm_Horizontal,100k,tht,True
-11.92,43.0,180.0,top,R17,MFR-25FRF52-100K,R_Axial_DIN0207_L6.3mm_D2.5mm_P10.16mm_Horizontal,100k,tht,True
-9.08,43.0,0.0,top,R18,MFR-25FRF52-100K,R_Axial_DIN0207_L6.3mm_D2.5mm_P10.16mm_Horizontal,100k,tht,True
-22.08,46.0,0.0,top,R19,MFR-25FRF52-3K,R_Axial_DIN0207_L6.3mm_D2.5mm_P10.16mm_Horizontal,3k,tht,True
-54.0,2.08,-90.0,top,R2,MFR-25FRF52-100K,R_Axial_DIN0207_L6.3mm_D2.5mm_P10.16mm_Horizontal,100k,tht,True
1.08,46.0,180.0,top,R20,MFR-25FRF52-3K,R_Axial_DIN0207_L6.3mm_D2.5mm_P10.16mm_Horizontal,3k,tht,True
3.92,43.0,0.0,top,R21,MFR-25FRF52-470R,R_Axial_DIN0207_L6.3mm_D2.5mm_P10.16mm_Horizontal,470R,tht,True
-5.5,50.92,90.0,top,R22,MFR-25FRF52-470R,R_Axial_DIN0207_L6.3mm_D2.5mm_P10.16mm_Horizontal,470R,tht,True
-2.5,50.92,90.0,top,R23,MFR-25FRF52-470R,R_Axial_DIN0207_L6.3mm_D2.5mm_P10.16mm_Horizontal,470R,tht,True
-25.92,56.0,180.0,top,R24,MFR-25FRF52-150R,R_Axial_DIN0207_L6.3mm_D2.5mm_P10.16mm_Horizontal,150R,tht,True
-36.08,59.0,0.0,top,R25,MFR-25FRF52-470R,R_Axial_DIN0207_L6.3mm_D2.5mm_P10.16mm_Horizontal,470R,tht,True
23.5,64.08,-90.0,top,R26,MFR-25FRF52-470R,R_Axial_DIN0207_L6.3mm_D2.5mm_P10.16mm_Horizontal,470R,tht,True
20.5,64.08,-90.0,top,R27,MFR-25FRF52-470R,R_Axial_DIN0207_L6.3mm_D2.5mm_P10.16mm_Horizontal,470R,tht,True
27.08,43.0,180.0,top,R28,MFR-25FRF52-150R,R_Axial_DIN0207_L6.3mm_D2.5mm_P10.16mm_Horizontal,150R,tht,True
9.0,29.92,90.0,top,R29,MFR-25FRF52-6K2,R_Axial_DIN0207_L6.3mm_D2.5mm_P10.16mm_Horizontal,6k2,tht,True
33.0,-20.58,90.0,top,R3,MFR-25FRF52-100K,R_Axial_DIN0207_L6.3mm_D2.5mm_P10.16mm_Horizontal,100k,tht,True
12.0,40.08,-90.0,top,R30,MFR-25FRF52-6K2,R_Axial_DIN0207_L6.3mm_D2.5mm_P10.16mm_Horizontal,6k2,tht,True
6.0,29.92,90.0,top,R31,MFR-25FRF52-3K,R_Axial_DIN0207_L6.3mm_D2.5mm_P10.16mm_Horizontal,3k,tht,True
15.58,11.5,180.0,top,R32,MFR-25FRF52-470R,R_Axial_DIN0207_L6.3mm_D2.5mm_P10.16mm_Horizontal,470R,tht,True
15.58,17.5,180.0,top,R33,MFR-25FRF52-470R,R_Axial_DIN0207_L6.3mm_D2.5mm_P10.16mm_Horizontal,470R,tht,True
15.58,14.5,180.0,top,R34,MFR-25FRF52-470R,R_Axial_DIN0207_L6.3mm_D2.5mm_P10.16mm_Horizontal,470R,tht,True
12.0,2.08,-90.0,top,R35,MFR-25FRF52-150R,R_Axial_DIN0207_L6.3mm_D2.5mm_P10.16mm_Horizontal,150R,tht,True
9.0,2.08,-90.0,top,R36,MFR-25FRF52-470R,R_Axial_DIN0207_L6.3mm_D2.5mm_P10.16mm_Horizontal,470R,tht,True
-5.42,11.5,180.0,top,R37,MFR-25FRF52-470R,R_Axial_DIN0207_L6.3mm_D2.5mm_P10.16mm_Horizontal,470R,tht,True
-5.42,17.5,180.0,top,R38,MFR-25FRF52-470R,R_Axial_DIN0207_L6.3mm_D2.5mm_P10.16mm_Horizontal,470R,tht,True
-5.42,14.5,180.0,top,R39,MFR-25FRF52-470R,R_Axial_DIN0207_L6.3mm_D2.5mm_P10.16mm_Horizontal,470R,tht,True
33.0,-22.92,-90.0,top,R4,MFR-25FRF52-100K,R_Axial_DIN0207_L6.3mm_D2.5mm_P10.16mm_Horizontal,100k,tht,True
-9.0,2.08,-90.0,top,R40,MFR-25FRF52-150R,R_Axial_DIN0207_L6.3mm_D2.5mm_P10.16mm_Horizontal,150R,tht,True
-12.0,2.08,-90.0,top,R41,MFR-25FRF52-470R,R_Axial_DIN0207_L6.3mm_D2.5mm_P10.16mm_Horizontal,470R,tht,True
36.58,11.5,180.0,top,R42,MFR-25FRF52-470R,R_Axial_DIN0207_L6.3mm_D2.5mm_P10.16mm_Horizontal,470R,tht,True
36.58,17.5,180.0,top,R43,MFR-25FRF52-470R,R_Axial_DIN0207_L6.3mm_D2.5mm_P10.16mm_Horizontal,470R,tht,True
36.58,14.5,180.0,top,R44,MFR-25FRF52-470R,R_Axial_DIN0207_L6.3mm_D2.5mm_P10.16mm_Horizontal,470R,tht,True
33.0,2.08,-90.0,top,R45,MFR-25FRF52-150R,R_Axial_DIN0207_L6.3mm_D2.5mm_P10.16mm_Horizontal,150R,tht,True
30.0,2.08,-90.0,top,R46,MFR-25FRF52-470R,R_Axial_DIN0207_L6.3mm_D2.5mm_P10.16mm_Horizontal,470R,tht,True
-26.42,11.5,180.0,top,R47,MFR-25FRF52-470R,R_Axial_DIN0207_L6.3mm_D2.5mm_P10.16mm_Horizontal,470R,tht,True
-26.42,17.5,180.0,top,R48,MFR-25FRF52-470R,R_Axial_DIN0207_L6.3mm_D2.5mm_P10.16mm_Horizontal,470R,tht,True
-26.42,14.5,180.0,top,R49,MFR-25FRF52-470R,R_Axial_DIN0207_L6.3mm_D2.5mm_P10.16mm_Horizontal,470R,tht,True
0.5,61.08,-90.0,top,R5,MFR-25FRF52-150R,R_Axial_DIN0207_L6.3mm_D2.5mm_P10.16mm_Horizontal,150R,tht,True
-30.0,2.08,-90.0,top,R50,MFR-25FRF52-150R,R_Axial_DIN0207_L6.3mm_D2.5mm_P10.16mm_Horizontal,150R,tht,True
-33.0,2.08,-90.0,top,R51,MFR-25FRF52-470R,R_Axial_DIN0207_L6.3mm_D2.5mm_P10.16mm_Horizontal,470R,tht,True
57.58,11.5,180.0,top,R52,MFR-25FRF52-470R,R_Axial_DIN0207_L6.3mm_D2.5mm_P10.16mm_Horizontal,470R,tht,True
57.58,17.5,180.0,top,R53,MFR-25FRF52-470R,R_Axial_DIN0207_L6.3mm_D2.5mm_P10.16mm_Horizontal,470R,tht,True
57.58,14.5,180.0,top,R54,MFR-25FRF52-470R,R_Axial_DIN0207_L6.3mm_D2.5mm_P10.16mm_Horizontal,470R,tht,True
-57.907897,61.092102,-135.0,top,R55,MFR-25FRF52-470R,R_Axial_DIN0207_L6.3mm_D2.5mm_P10.16mm_Horizontal,470R,tht,True
-53.407897,61.092102,-135.0,top,R56,MFR-25FRF52-470R,R_Axial_DIN0207_L6.3mm_D2.5mm_P10.16mm_Horizontal,470R,tht,True
-48.907897,61.092102,-135.0,top,R57,MFR-25FRF52-470R,R_Axial_DIN0207_L6.3mm_D2.5mm_P10.16mm_Horizontal,470R,tht,True
-44.407897,61.092102,-135.0,top,R58,MFR-25FRF52-470R,R_Axial_DIN0207_L6.3mm_D2.5mm_P10.16mm_Horizontal,470R,tht,True
56.58,56.0,180.0,top,R59,MFR-25FRF52-6K2,R_Axial_DIN0207_L6.3mm_D2.5mm_P10.16mm_Horizontal,6k2,tht,True
17.5,64.08,-90.0,top,R6,MFR-25FRF52-22K,R_Axial_DIN0207_L6.3mm_D2.5mm_P10.16mm_Horizontal,22k,tht,True
56.58,59.0,180.0,top,R60,MFR-25FRF52-6K2,R_Axial_DIN0207_L6.3mm_D2.5mm_P10.16mm_Horizontal,6k2,tht,True
29.5,53.92,90.0,top,R7,MFR-25FRF52-6K2,R_Axial_DIN0207_L6.3mm_D2.5mm_P10.16mm_Horizontal,6k2,tht,True
48.0,-10.42,-90.0,top,R8,MFR-25FRF52-6K2,R_Axial_DIN0207_L6.3mm_D2.5mm_P10.16mm_Horizontal,6k2,tht,True
26.5,53.92,90.0,top,R9,MFR-25FRF52-6K2,R_Axial_DIN0207_L6.3mm_D2.5mm_P10.16mm_Horizontal,6k2,tht,True
63.0,-0.0,-90.0,top,RV1,PTV09A-4030F-A104,Potentiometer_Bourns_PTV09A-1_Single_Vertical,100k Log,tht,True
-63.0,-0.0,-90.0,top,RV2,PTV09A-4030F-A104,Potentiometer_Bourns_PTV09A-1_Single_Vertical,100k Log,tht,True
0.0,-0.0,90.0,top,SW1,PEC11R-4230F-S0012,RotaryEncoder_Alps_EC11E-Switch_Vertical_H20mm,EC11,tht,True
-21.0,-0.0,90.0,top,SW2,PEC11R-4230F-S0012,RotaryEncoder_Alps_EC11E-Switch_Vertical_H20mm,EC11,tht,True
21.0,-0.0,90.0,top,SW3,PEC11R-4230F-S0012,RotaryEncoder_Alps_EC11E-Switch_Vertical_H20mm,EC11,tht,True
-42.0,-0.0,90.0,top,SW4,PEC11R-4230F-S0012,RotaryEncoder_Alps_EC11E-Switch_Vertical_H20mm,EC11,tht,True
42.0,-0.0,90.0,top,SW5,PEC11R-4230F-S0012,RotaryEncoder_Alps_EC11E-Switch_Vertical_H20mm,EC11,tht,True
36.7,-14.125,0.0,top,U1,MCP6004-I/P,DIP-14_W7.62mm_Socket_LongPads_IC,MCP6004,tht,True
5.2,65.125,0.0,top,U2,MCP6004-I/P,DIP-14_W7.62mm_Socket_LongPads_IC,MCP6004,tht,True
-18.125,31.2,90.0,top,U3,MCP6004-I/P,DIP-14_W7.62mm_Socket_LongPads_IC,MCP6004,tht,True
-40.0,57.5,0.0,top,U4,DEV-20359,Teensy_4_1_Basic_Socket,Teensy 4.1,tht,True
51.5,49.5,0.0,top,U5,SH1106,SH1106_LCD_MODULE,SH1106,tht,True
-23.25,72.5,0.0,top,kibuzzard-6562A21D,,kibuzzard-6562A21D,G***,tht,False
-41.25,68.75,0.0,top,kibuzzard-6562A25D,,kibuzzard-6562A25D,G***,tht,False
-30.25,68.75,0.0,top,kibuzzard-6562EE33,,kibuzzard-6562EE33,G***,tht,False
