﻿designator,quantity,value,pack,mpn,mount_type
"C1, C10, C11, C12, C2, C3, C4, C5, C6, C7, C8, C9",12,100u,CP_Radial_D6.3mm_H12.5_P2.50mm,860020473008,tht
"C13, C15, C16, C18, C19, C20, C21, C22, C23, C24, C25, C26",12,100n,C_Rect_L7.2mm_W2.5mm_H6.6mm_P5.00mm_MODIFIED,R82DC3100AA50J,tht
"C14, C17",2,10n,C_Rect_L7.2mm_W2.5mm_H6.6mm_P5.00mm_MODIFIED,R82EC2100AA50J,tht
"D1, D2, D3, D4, D9",5,QBL8RGB60D0-2897,LED_D5.0mm-4_RGB,QBL8RGB60D0-2897,tht
D5,1,RED,LED_D3.0mm_Clear,151031SS06000,tht
D6,1,YELLOW,LED_D3.0mm_Clear,151031YS05900,tht
"D7, D8",2,GREEN,LED_D3.0mm_Clear,151031VS04000,tht
"H1, H2, H3, H4, H5, H6, H7, H8",8,M3,MountingHole_3.2mm_M3_Pad,,tht
"J1, J7",2,SJ1-3525N,PJ-307,SJ1-3525N,tht
"J2, J3, J4, J5, J6",5,NMJ6HFD2,Jack_6.35mm_Neutrik_NMJ6HFD2_Horizontal,NMJ6HFD2,tht
"JP1, JP2",2,SolderJumper_3_Bridged12,SolderJumper-3_P2.0mm_Open_TrianglePad1.0x1.5mm,,tht
"R1, R15, R16, R17, R18, R2, R3, R4",8,100k,R_Axial_DIN0207_L6.3mm_D2.5mm_P10.16mm_Horizontal,MFR-25FRF52-100K,tht
"R10, R11, R12, R29, R30, R59, R60, R7, R8, R9",10,6k2,R_Axial_DIN0207_L6.3mm_D2.5mm_P10.16mm_Horizontal,MFR-25FRF52-6K2,tht
"R13, R14, R6",3,22k,R_Axial_DIN0207_L6.3mm_D2.5mm_P10.16mm_Horizontal,MFR-25FRF52-22K,tht
"R19, R20, R31",3,3k,R_Axial_DIN0207_L6.3mm_D2.5mm_P10.16mm_Horizontal,MFR-25FRF52-3K,tht
"R21, R22, R23, R25, R26, R27, R32, R33, R34, R36, R37, R38, R39, R41, R42, R43, R44, R46, R47, R48, R49, R51, R52, R53, R54, R55, R56, R57, R58",29,470R,R_Axial_DIN0207_L6.3mm_D2.5mm_P10.16mm_Horizontal,MFR-25FRF52-470R,tht
"R24, R28, R35, R40, R45, R5, R50",7,150R,R_Axial_DIN0207_L6.3mm_D2.5mm_P10.16mm_Horizontal,MFR-25FRF52-150R,tht
"RV1, RV2",2,100k Log,Potentiometer_Bourns_PTV09A-1_Single_Vertical,PTV09A-4030F-A104,tht
"SW1, SW2, SW3, SW4, SW5",5,EC11,RotaryEncoder_Alps_EC11E-Switch_Vertical_H20mm,PEC11R-4230F-S0012,tht
"U1, U2, U3",3,MCP6004,DIP-14_W7.62mm_Socket_LongPads_IC,MCP6004-I/P,tht
U4,1,Teensy 4.1,Teensy_4_1_Basic_Socket,DEV-20359,tht
U5,1,SH1106,SH1106_LCD_MODULE,SH1106,tht
kibuzzard-6562A21D,1,G***,kibuzzard-6562A21D,,tht
kibuzzard-6562A25D,1,G***,kibuzzard-6562A25D,,tht
kibuzzard-6562EE33,1,G***,kibuzzard-6562EE33,,tht
