﻿pos_x,pos_y,rotation,side,designator,mpn,pack,value,mount_type,place
80.5,-46.0,0.0,top,H1,,MountingHole-3mm_small_annulus,M3,tht,True
116.5,-111.5,0.0,top,H2,,MountingHole-3mm_small_annulus,M3,tht,True
215.5,-46.0,0.0,top,H3,,MountingHole-3mm_small_annulus,M3,tht,True
137.5,-111.5,0.0,top,H4,,MountingHole-3mm_small_annulus,M3,tht,True
215.5,-149.0,0.0,top,H5,,MountingHole-3mm_small_annulus,M3,tht,True
158.5,-111.5,0.0,top,H6,,MountingHole-3mm_small_annulus,M3,tht,True
80.5,-149.0,0.0,top,H7,,MountingHole-3mm_small_annulus,M3,tht,True
179.5,-111.5,0.0,top,H8,,MountingHole-3mm_small_annulus,M3,tht,True
