﻿pos_x,pos_y,rotation,side,designator,mpn,pack,value,mount_type,place
-56.5,-25.18238,90.0,top,C1,ESY107M025AE3AA,CP_KEMET_ESY,100u,tht,True
-28.0,32.682381,-90.0,top,C10,ESY107M025AE3AA,CP_KEMET_ESY,100u,tht,True
-8.0,46.0,180.0,top,C11,C322C472J1G5TA,C_KEMET_C322,4.7n,tht,True
0.0,46.0,0.0,top,C12,C322C472J1G5TA,C_KEMET_C322,4.7n,tht,True
-55.0,5.0,0.0,top,C13,C317C151J1G5TA,C_KEMET_C317,150p,tht,True
51.0,-18.0,90.0,top,C14,C322C472J1G5TA,C_KEMET_C322,4.7n,tht,True
51.0,-25.5,-90.0,top,C15,C322C472J1G5TA,C_KEMET_C322,4.7n,tht,True
58.782621,-10.0,0.0,top,C16,ESY107M025AE3AA,CP_KEMET_ESY,100u,tht,True
56.5,-25.182379,90.0,top,C17,ESY107M025AE3AA,CP_KEMET_ESY,100u,tht,True
68.64738,-10.0,180.0,top,C18,ESY107M025AE3AA,CP_KEMET_ESY,100u,tht,True
56.5,-15.31762,-90.0,top,C19,ESY107M025AE3AA,CP_KEMET_ESY,100u,tht,True
-68.682379,-10.0,0.0,top,C2,ESY107M025AE3AA,CP_KEMET_ESY,100u,tht,True
18.0,46.0,180.0,top,C20,C322C472J1G5TA,C_KEMET_C322,4.7n,tht,True
-3.5,64.0,0.0,top,C21,C317C471J1G5TA,C_KEMET_C317,470p,tht,True
-39.0,55.0,90.0,top,C22,C322C472J1G5TA,C_KEMET_C322,4.7n,tht,True
-23.0,60.0,-90.0,top,C23,C322C472J1G5TA,C_KEMET_C322,4.7n,tht,True
19.5,51.0,0.0,top,C24,C317C471J1G5TA,C_KEMET_C317,470p,tht,True
26.0,46.0,0.0,top,C25,C322C472J1G5TA,C_KEMET_C322,4.7n,tht,True
35.0,-33.0,0.0,top,C26,C317C104K5R5TA,C_KEMET_C317,100n,tht,True
20.0,32.5,90.0,top,C27,C317C104K5R5TA,C_KEMET_C317,100n,tht,True
6.5,69.0,0.0,top,C28,C317C104K5R5TA,C_KEMET_C317,100n,tht,True
8.0,32.5,90.0,top,C29,C317C104K5R5TA,C_KEMET_C317,100n,tht,True
-56.5,-15.317621,-90.0,top,C3,ESY107M025AE3AA,CP_KEMET_ESY,100u,tht,True
-52.0,68.5,90.0,top,C30,C317C104K5R5TA,C_KEMET_C317,100n,tht,True
-55.0,68.5,90.0,top,C31,C317C104K5R5TA,C_KEMET_C317,100n,tht,True
-58.0,68.5,90.0,top,C32,C317C104K5R5TA,C_KEMET_C317,100n,tht,True
-61.0,68.5,90.0,top,C33,C317C104K5R5TA,C_KEMET_C317,100n,tht,True
-58.81762,-10.0,180.0,top,C4,ESY107M025AE3AA,CP_KEMET_ESY,100u,tht,True
-33.5,36.5,180.0,top,C5,C317C151J1G5TA,C_KEMET_C317,150p,tht,True
-25.5,36.5,180.0,top,C6,C317C151J1G5TA,C_KEMET_C317,150p,tht,True
-36.0,40.31762,90.0,top,C7,ESY107M025AE3AA,CP_KEMET_ESY,100u,tht,True
-36.0,32.68238,-90.0,top,C8,ESY107M025AE3AA,CP_KEMET_ESY,100u,tht,True
-28.0,40.31762,90.0,top,C9,ESY107M025AE3AA,CP_KEMET_ESY,100u,tht,True
-42.0,12.6,90.0,top,D1,WP154A4SEJ3VBDZGW/CA,LED_D5.0mm-4_RGB,RGB,tht,True
-21.0,12.6,90.0,top,D2,WP154A4SEJ3VBDZGW/CA,LED_D5.0mm-4_RGB,RGB,tht,True
0.0,12.6,90.0,top,D3,WP154A4SEJ3VBDZGW/CA,LED_D5.0mm-4_RGB,RGB,tht,True
21.0,12.6,90.0,top,D4,WP154A4SEJ3VBDZGW/CA,LED_D5.0mm-4_RGB,RGB,tht,True
-68.5,36.275,-90.0,top,D5,WP3A8ID,LED_D3.0mm_Clear,RED,tht,True
-63.5,36.275,-90.0,top,D6,WP3A8YD,LED_D3.0mm_Clear,YELLOW,tht,True
-58.5,36.275,-90.0,top,D7,WP3A8YD,LED_D3.0mm_Clear,YELLOW,tht,True
-53.5,36.275,-90.0,top,D8,WP3A8YD,LED_D3.0mm_Clear,YELLOW,tht,True
42.0,12.6,90.0,top,D9,WP154A4SEJ3VBDZGW/CA,LED_D5.0mm-4_RGB,RGB,tht,True
-67.5,72.0,0.0,top,H1,,MountingHole_3.2mm_M3_Pad,M3,tht,False
-67.5,-31.0,0.0,top,H2,,MountingHole_3.2mm_M3_Pad,M3,tht,False
67.5,-31.0,0.0,top,H3,,MountingHole_3.2mm_M3_Pad,M3,tht,False
67.5,72.0,0.0,top,H4,,MountingHole_3.2mm_M3_Pad,M3,tht,False
-31.5,6.5,0.0,top,H5,,MountingHole_3.2mm_M3_Pad,M3,tht,False
-10.5,6.5,0.0,top,H6,,MountingHole_3.2mm_M3_Pad,M3,tht,False
10.5,6.5,0.0,top,H7,,MountingHole_3.2mm_M3_Pad,M3,tht,False
31.5,6.5,0.0,top,H8,,MountingHole_3.2mm_M3_Pad,M3,tht,False
-65.0,-20.0,0.0,top,J1,35RAPC4BHN2,PJ-307,3.5mm TRS,tht,True
-60.875,20.5,180.0,top,J2,NMJ6HFD2,Jack_6.35mm_Neutrik_NMJ6HFD2_Horizontal,NMJ6HFD2,tht,True
-42.0,-24.5,-90.0,top,J3,NMJ6HFD2,Jack_6.35mm_Neutrik_NMJ6HFD2_Horizontal,NMJ6HFD2,tht,True
-21.0,-24.5,-90.0,top,J4,NMJ6HFD2,Jack_6.35mm_Neutrik_NMJ6HFD2_Horizontal,NMJ6HFD2,tht,True
0.0,-24.5,-90.0,top,J5,NMJ6HFD2,Jack_6.35mm_Neutrik_NMJ6HFD2_Horizontal,NMJ6HFD2,tht,True
21.0,-24.5,-90.0,top,J6,NMJ6HFD2,Jack_6.35mm_Neutrik_NMJ6HFD2_Horizontal,NMJ6HFD2,tht,True
65.0,-20.0,180.0,top,J7,35RAPC4BHN2,PJ-307,3.5mm TRS,tht,True
50.0,49.5,-90.0,top,JP1,,SolderJumper-3_P2.0mm_Open_TrianglePad1.0x1.5mm,SolderJumper_3_Bridged12,tht,False
53.0,49.5,-90.0,top,JP2,,SolderJumper-3_P2.0mm_Open_TrianglePad1.0x1.5mm,SolderJumper_3_Bridged12,tht,False
-51.0,2.08,-90.0,top,R1,CF14JT10K0,R_Axial_DIN0207_L6.3mm_D2.5mm_P10.16mm_Horizontal,10k,tht,True
26.5,53.92,90.0,top,R10,CF14JT3K30,R_Axial_DIN0207_L6.3mm_D2.5mm_P10.16mm_Horizontal,3.3k,tht,True
23.5,53.92,90.0,top,R11,CF14JT3K30,R_Axial_DIN0207_L6.3mm_D2.5mm_P10.16mm_Horizontal,3.3k,tht,True
45.0,-33.08,90.0,top,R12,CF14JT3K30,R_Axial_DIN0207_L6.3mm_D2.5mm_P10.16mm_Horizontal,3.3k,tht,True
48.0,-20.58,90.0,top,R13,CF14JT3K30,R_Axial_DIN0207_L6.3mm_D2.5mm_P10.16mm_Horizontal,3.3k,tht,True
48.0,-22.92,-90.0,top,R14,CF14JT3K30,R_Axial_DIN0207_L6.3mm_D2.5mm_P10.16mm_Horizontal,3.3k,tht,True
54.0,2.08,-90.0,top,R15,CF14JT10K0,R_Axial_DIN0207_L6.3mm_D2.5mm_P10.16mm_Horizontal,10k,tht,True
51.0,2.08,-90.0,top,R16,CF14JT10K0,R_Axial_DIN0207_L6.3mm_D2.5mm_P10.16mm_Horizontal,10k,tht,True
10.42,43.0,0.0,top,R17,CF14JT10K0,R_Axial_DIN0207_L6.3mm_D2.5mm_P10.16mm_Horizontal,10k,tht,True
-2.5,50.92,90.0,top,R18,CF14JT10K0,R_Axial_DIN0207_L6.3mm_D2.5mm_P10.16mm_Horizontal,10k,tht,True
0.5,50.92,90.0,top,R19,CF14JT10K0,R_Axial_DIN0207_L6.3mm_D2.5mm_P10.16mm_Horizontal,10k,tht,True
-54.0,2.08,-90.0,top,R2,CF14JT10K0,R_Axial_DIN0207_L6.3mm_D2.5mm_P10.16mm_Horizontal,10k,tht,True
-25.92,56.0,180.0,top,R20,CF14JT3K30,R_Axial_DIN0207_L6.3mm_D2.5mm_P10.16mm_Horizontal,3.3k,tht,True
-36.08,59.0,0.0,top,R21,CF14JT10K0,R_Axial_DIN0207_L6.3mm_D2.5mm_P10.16mm_Horizontal,10k,tht,True
17.5,64.08,-90.0,top,R22,CF14JT10K0,R_Axial_DIN0207_L6.3mm_D2.5mm_P10.16mm_Horizontal,10k,tht,True
20.5,64.08,-90.0,top,R23,CF14JT10K0,R_Axial_DIN0207_L6.3mm_D2.5mm_P10.16mm_Horizontal,10k,tht,True
33.58,43.0,180.0,top,R24,CF14JT3K30,R_Axial_DIN0207_L6.3mm_D2.5mm_P10.16mm_Horizontal,3.3k,tht,True
14.0,29.92,90.0,top,R25,CF14JT3K30,R_Axial_DIN0207_L6.3mm_D2.5mm_P10.16mm_Horizontal,3.3k,tht,True
17.0,40.08,-90.0,top,R26,CF14JT3K30,R_Axial_DIN0207_L6.3mm_D2.5mm_P10.16mm_Horizontal,3.3k,tht,True
-26.42,11.5,180.0,top,R27,CF14JT470R,R_Axial_DIN0207_L6.3mm_D2.5mm_P10.16mm_Horizontal,470R,tht,True
-26.42,17.5,180.0,top,R28,CF14JT470R,R_Axial_DIN0207_L6.3mm_D2.5mm_P10.16mm_Horizontal,470R,tht,True
-26.42,14.5,180.0,top,R29,CF14JT470R,R_Axial_DIN0207_L6.3mm_D2.5mm_P10.16mm_Horizontal,470R,tht,True
-22.5,29.92,90.0,top,R3,CF14JT100K,R_Axial_DIN0207_L6.3mm_D2.5mm_P10.16mm_Horizontal,100k,tht,True
-30.0,2.08,-90.0,top,R30,CF14JT470R,R_Axial_DIN0207_L6.3mm_D2.5mm_P10.16mm_Horizontal,470R,tht,True
-33.0,2.08,-90.0,top,R31,CF14JT470R,R_Axial_DIN0207_L6.3mm_D2.5mm_P10.16mm_Horizontal,470R,tht,True
-5.42,11.5,180.0,top,R32,CF14JT470R,R_Axial_DIN0207_L6.3mm_D2.5mm_P10.16mm_Horizontal,470R,tht,True
-5.42,17.5,180.0,top,R33,CF14JT470R,R_Axial_DIN0207_L6.3mm_D2.5mm_P10.16mm_Horizontal,470R,tht,True
-5.42,14.5,180.0,top,R34,CF14JT470R,R_Axial_DIN0207_L6.3mm_D2.5mm_P10.16mm_Horizontal,470R,tht,True
-9.0,2.08,-90.0,top,R35,CF14JT470R,R_Axial_DIN0207_L6.3mm_D2.5mm_P10.16mm_Horizontal,470R,tht,True
-12.0,2.08,-90.0,top,R36,CF14JT470R,R_Axial_DIN0207_L6.3mm_D2.5mm_P10.16mm_Horizontal,470R,tht,True
15.58,11.5,180.0,top,R37,CF14JT470R,R_Axial_DIN0207_L6.3mm_D2.5mm_P10.16mm_Horizontal,470R,tht,True
15.58,17.5,180.0,top,R38,CF14JT470R,R_Axial_DIN0207_L6.3mm_D2.5mm_P10.16mm_Horizontal,470R,tht,True
15.58,14.5,180.0,top,R39,CF14JT470R,R_Axial_DIN0207_L6.3mm_D2.5mm_P10.16mm_Horizontal,470R,tht,True
-19.5,29.92,90.0,top,R4,CF14JT100K,R_Axial_DIN0207_L6.3mm_D2.5mm_P10.16mm_Horizontal,100k,tht,True
12.0,2.08,-90.0,top,R40,CF14JT470R,R_Axial_DIN0207_L6.3mm_D2.5mm_P10.16mm_Horizontal,470R,tht,True
9.0,2.08,-90.0,top,R41,CF14JT470R,R_Axial_DIN0207_L6.3mm_D2.5mm_P10.16mm_Horizontal,470R,tht,True
36.58,11.5,180.0,top,R42,CF14JT470R,R_Axial_DIN0207_L6.3mm_D2.5mm_P10.16mm_Horizontal,470R,tht,True
36.58,17.5,180.0,top,R43,CF14JT470R,R_Axial_DIN0207_L6.3mm_D2.5mm_P10.16mm_Horizontal,470R,tht,True
36.58,14.5,180.0,top,R44,CF14JT470R,R_Axial_DIN0207_L6.3mm_D2.5mm_P10.16mm_Horizontal,470R,tht,True
33.0,2.08,-90.0,top,R45,CF14JT470R,R_Axial_DIN0207_L6.3mm_D2.5mm_P10.16mm_Horizontal,470R,tht,True
30.0,2.08,-90.0,top,R46,CF14JT470R,R_Axial_DIN0207_L6.3mm_D2.5mm_P10.16mm_Horizontal,470R,tht,True
57.58,11.5,180.0,top,R47,CF14JT470R,R_Axial_DIN0207_L6.3mm_D2.5mm_P10.16mm_Horizontal,470R,tht,True
57.58,17.5,180.0,top,R48,CF14JT470R,R_Axial_DIN0207_L6.3mm_D2.5mm_P10.16mm_Horizontal,470R,tht,True
57.58,14.5,180.0,top,R49,CF14JT470R,R_Axial_DIN0207_L6.3mm_D2.5mm_P10.16mm_Horizontal,470R,tht,True
-5.42,43.0,180.0,top,R5,CF14JT100K,R_Axial_DIN0207_L6.3mm_D2.5mm_P10.16mm_Horizontal,100k,tht,True
-57.907897,61.092102,-135.0,top,R50,CF14JT470R,R_Axial_DIN0207_L6.3mm_D2.5mm_P10.16mm_Horizontal,470R,tht,True
-53.407897,61.092102,-135.0,top,R51,CF14JT470R,R_Axial_DIN0207_L6.3mm_D2.5mm_P10.16mm_Horizontal,470R,tht,True
-48.907897,61.092102,-135.0,top,R52,CF14JT470R,R_Axial_DIN0207_L6.3mm_D2.5mm_P10.16mm_Horizontal,470R,tht,True
-44.407897,61.092102,-135.0,top,R53,CF14JT470R,R_Axial_DIN0207_L6.3mm_D2.5mm_P10.16mm_Horizontal,470R,tht,True
46.42,56.0,0.0,top,R54,CF14JT10K0,R_Axial_DIN0207_L6.3mm_D2.5mm_P10.16mm_Horizontal,10k,tht,True
46.42,59.0,0.0,top,R55,CF14JT10K0,R_Axial_DIN0207_L6.3mm_D2.5mm_P10.16mm_Horizontal,10k,tht,True
-2.58,43.0,0.0,top,R6,CF14JT100K,R_Axial_DIN0207_L6.3mm_D2.5mm_P10.16mm_Horizontal,100k,tht,True
-16.5,40.08,-90.0,top,R7,CF14JT3K30,R_Axial_DIN0207_L6.3mm_D2.5mm_P10.16mm_Horizontal,3.3k,tht,True
11.0,40.08,-90.0,top,R8,CF14JT3K30,R_Axial_DIN0207_L6.3mm_D2.5mm_P10.16mm_Horizontal,3.3k,tht,True
45.0,-10.42,-90.0,top,R9,CF14JT3K30,R_Axial_DIN0207_L6.3mm_D2.5mm_P10.16mm_Horizontal,3.3k,tht,True
-63.0,-0.0,-90.0,top,RV1,PTV09A-4030F-A104,Potentiometer_Bourns_PTV09A-1_Single_Vertical,100k Log,tht,True
63.0,-0.0,-90.0,top,RV2,PTV09A-4030F-A104,Potentiometer_Bourns_PTV09A-1_Single_Vertical,100k Log,tht,True
-42.0,-0.0,90.0,top,SW1,PEC11R-4230F-S0012,RotaryEncoder_Alps_EC11E-Switch_Vertical_H20mm,EC11,tht,True
-21.0,-0.0,90.0,top,SW2,PEC11R-4230F-S0012,RotaryEncoder_Alps_EC11E-Switch_Vertical_H20mm,EC11,tht,True
0.0,-0.0,90.0,top,SW3,PEC11R-4230F-S0012,RotaryEncoder_Alps_EC11E-Switch_Vertical_H20mm,EC11,tht,True
21.0,-0.0,90.0,top,SW4,PEC11R-4230F-S0012,RotaryEncoder_Alps_EC11E-Switch_Vertical_H20mm,EC11,tht,True
42.0,-0.0,90.0,top,SW5,PEC11R-4230F-S0012,RotaryEncoder_Alps_EC11E-Switch_Vertical_H20mm,EC11,tht,True
-11.625,31.2,90.0,top,U1,MCP6004-I/P,DIP-14_W7.62mm_Socket_LongPads_IC,MCP6004,tht,True
33.7,-14.125,0.0,top,U2,MCP6004-I/P,DIP-14_W7.62mm_Socket_LongPads_IC,MCP6004,tht,True
5.2,65.125,0.0,top,U3,MCP6004-I/P,DIP-14_W7.62mm_Socket_LongPads_IC,MCP6004,tht,True
-40.0,57.5,0.0,top,U4,DEV-20359,Teensy_4_1_Basic_Socket,Teensy 4.1,tht,True
51.5,49.5,0.0,top,U5,SH1106,SH1106_LCD_MODULE,SH1106,tht,True
-23.25,72.5,0.0,top,kibuzzard-6562A21D,,kibuzzard-6562A21D,G***,tht,False
-41.25,68.75,0.0,top,kibuzzard-6562A25D,,kibuzzard-6562A25D,G***,tht,False
-30.5,68.75,0.0,top,kibuzzard-65713D98,,kibuzzard-65713D98,G***,tht,False
