﻿designator,quantity,value,pack,mpn,mount_type
"C1, C10, C16, C17, C18, C19, C2, C3, C4, C7, C8, C9",12,100u,CP_KEMET_ESY,ESY107M025AE3AA,tht
"C11, C12, C14, C15, C20, C22, C23, C25",8,4.7n,C_KEMET_C322,C322C472J1G5TA,tht
"C13, C5, C6",3,150p,C_KEMET_C317,C317C151J1G5TA,tht
"C21, C24",2,470p,C_KEMET_C317,C317C471J1G5TA,tht
"C26, C27, C28, C29, C30, C31, C32, C33",8,100n,C_KEMET_C317,C317C104K5R5TA,tht
"D1, D2, D3, D4, D9",5,RGB,LED_D5.0mm-4_RGB,WP154A4SEJ3VBDZGW/CA,tht
D5,1,RED,LED_D3.0mm_Clear,WP3A8ID,tht
"D6, D7, D8",3,YELLOW,LED_D3.0mm_Clear,WP3A8YD,tht
"H1, H2, H3, H4, H5, H6, H7, H8",8,M3,MountingHole_3.2mm_M3_Pad,,tht
"J1, J7",2,3.5mm TRS,PJ-307,35RAPC4BHN2,tht
"J2, J3, J4, J5, J6",5,NMJ6HFD2,Jack_6.35mm_Neutrik_NMJ6HFD2_Horizontal,NMJ6HFD2,tht
"JP1, JP2",2,SolderJumper_3_Bridged12,SolderJumper-3_P2.0mm_Open_TrianglePad1.0x1.5mm,,tht
"R1, R15, R16, R17, R18, R19, R2, R21, R22, R23, R54, R55",12,10k,R_Axial_DIN0207_L6.3mm_D2.5mm_P10.16mm_Horizontal,CF14JT10K0,tht
"R10, R11, R12, R13, R14, R20, R24, R25, R26, R7, R8, R9",12,3.3k,R_Axial_DIN0207_L6.3mm_D2.5mm_P10.16mm_Horizontal,CF14JT3K30,tht
"R27, R28, R29, R30, R31, R32, R33, R34, R35, R36, R37, R38, R39, R40, R41, R42, R43, R44, R45, R46, R47, R48, R49, R50, R51, R52, R53",27,470R,R_Axial_DIN0207_L6.3mm_D2.5mm_P10.16mm_Horizontal,CF14JT470R,tht
"R3, R4, R5, R6",4,100k,R_Axial_DIN0207_L6.3mm_D2.5mm_P10.16mm_Horizontal,CF14JT100K,tht
"RV1, RV2",2,100k Log,Potentiometer_Bourns_PTV09A-1_Single_Vertical,PTV09A-4030F-A104,tht
"SW1, SW2, SW3, SW4, SW5",5,EC11,RotaryEncoder_Alps_EC11E-Switch_Vertical_H20mm,PEC11R-4230F-S0012,tht
"U1, U2, U3",3,MCP6004,DIP-14_W7.62mm_Socket_LongPads_IC,MCP6004-I/P,tht
U4,1,Teensy 4.1,Teensy_4_1_Basic_Socket,DEV-20359,tht
U5,1,SH1106,SH1106_LCD_MODULE,SH1106,tht
kibuzzard-6562A21D,1,G***,kibuzzard-6562A21D,,tht
kibuzzard-6562A25D,1,G***,kibuzzard-6562A25D,,tht
kibuzzard-65713D98,1,G***,kibuzzard-65713D98,,tht
