﻿pos_x,pos_y,rotation,side,designator,mpn,pack,value,mount_type,place
83.5,-47.5,0.0,top,H1,,MountingHole-3mm_small_annulus,M3,tht,True
83.5,-150.5,0.0,top,H2,,MountingHole-3mm_small_annulus,M3,tht,True
218.5,-47.5,0.0,top,H3,,MountingHole-3mm_small_annulus,M3,tht,True
218.5,-150.5,0.0,top,H4,,MountingHole-3mm_small_annulus,M3,tht,True
119.5,-113.0,0.0,top,H5,,MountingHole-3mm_small_annulus,M3,tht,True
140.5,-113.0,0.0,top,H6,,MountingHole-3mm_small_annulus,M3,tht,True
161.5,-113.0,0.0,top,H7,,MountingHole-3mm_small_annulus,M3,tht,True
182.5,-113.0,0.0,top,H8,,MountingHole-3mm_small_annulus,M3,tht,True
